,RNO,RNO2,RNXO,RO3,RPM10,RPM25,RSO2
RNO,1,0.808914049,0.955207871,-0.486873369,0.565505865,0.402057356,0.523529795
RNO2,0.808914049,1,0.884359216,-0.301947695,0.690474115,0.515650507,0.493918164
RNXO,0.955207871,0.884359216,1,-0.492486101,0.600100889,0.422191119,0.554068928
RO3,-0.486873369,-0.301947695,-0.492486101,1,-0.178849378,-0.307877311,-0.254436551
RPM10,0.565505865,0.690474115,0.600100889,-0.178849378,1,0.868500653,0.365362408
RPM25,0.402057356,0.515650507,0.422191119,-0.307877311,0.868500653,1,0.318274454
RSO2,0.523529795,0.493918164,0.554068928,-0.254436551,0.365362408,0.318274454,1
